description,name
我辈修士，何惜一战,仙逆
异火重燃，决战云岚！,斗破苍穹年番
谁在称无敌，哪个言不败？,完美世界
海神唐三在此，武魂殿何在,斗罗大陆
少年崛起，祖符再现,武动乾坤 第4季
银河浩瀚，征途不止,吞噬星空
征服未知的星辰大海,师士传说
你我皆唐门，生在绝世中,斗罗大陆Ⅱ绝世唐门
我乃“区区”炼气期,炼气十万年
深渊再起，王座降临,神印王座
少年热血闯红尘,独步逍遥
一剑高下，风雨潇洒,逆天至尊
仙王觉醒，重归万界巅峰,无上神帝
登天路，踏歌行,遮天
武神跌落，浴火少年再起,武神主宰
穿越落魄女婿玩转异世,武映三千道
斩断仙缘，融化思念,万界仙踪
法师会功夫，谁都挡不住,近战法师
世界总有一天会臣服我,恶魔法则
历经沧桑，自有非凡故事,神藏
吞噬龙血，少年逆天崛起,绝世武魂
剑指处，鸣破长空！,灵剑尊
我身为剑，再续前缘,万界独尊
我以修罗成武神,修罗武神
史上最坑反套路系统！,王者大师兄
我即血祖，踏破空河！,一念永恒
古神归位，光暗终极一战 ,西行纪年番
重生踏足武道巅峰,妖神记
万物有界，爱恨无由,狐妖小红娘
千万年布局，终脱轮回,被封百万年：我的弟子全部成神 第2季·动态漫
十载离人梦，殊途无归处,诛仙
普通锤锤的爆笑日常,开心锤锤
不能错过的年度高分国漫！,画江湖之不良人 第6季
万年与共，百战成神,星辰变 第5季
恭迎武祖出山！,武动乾坤 第3季
陨落古神，遨游苍蓝,万界神主
少年动天下，武者定乾坤,武动乾坤 第2季
续写斗罗大陆龙王传说,斗罗大陆3龙王传说 第3季·动态漫
打脸狂魔徐缺上线！,最强反套路系统·动态漫
夷陵老祖重现人间,魔道祖师
绝地求生，步步巅峰！,武炼巅峰 第1季·动态漫
赴三年之约 战云岚之巅,斗破苍穹三年之约
仙尊一挥手，打脸无限有,最强仙尊陈北玄 第3季·动态漫
少年只身闯中州,斗破苍穹 第4季·动态漫
少年不屈 异火不熄,斗破苍穹 第4季
大孝子气人逆天之路,我气哭了百万修炼者
少年出山动天下！,武动乾坤 第1季
小品的搞笑温馨日常,小品一家人
此生主打逆袭复仇！,绝世丹神 第2季·动态漫
群雄侠隐仗剑,画江湖之不良人 第1季
沉寂天才再创学院辉煌,魔装传说
红颜执戟，五州重启,武双姝
无极仙尊！重回都市巅峰,最强都市天尊·动态漫
王牌特工负系统纵横九荒,堕玄师
风起云涌罗天大醮,一人之下 第2季
超高颜值古风3D动画,眷思量
平淡的校园的爆笑日常,茶啊二中 第4季
紫川三杰纵横西川大陆,紫川 第1季
用现代知识称霸古代仙界,我是大神仙
此生不悔入唐门,斗罗大陆合集篇
神力觉醒 封神演义,武庚纪 第4季
高分国漫，不可错过,画江湖之不良人 第3季
红眼一开，战力拉满！,从红月开始
荣耀不灭，兴欣归来,全职高手 第2季
重返雷池，黑龙再现。,无尽吞噬 第2季·动态漫
决战碧游村,一人之下 第5季
究极进化！出击！,神宠进化·动态漫
灼原火劫，莫凡归来,全职法师 第6季
完结！去做你要做的事吧,画江湖之不良人 第4季
荡八荒，十方天内成剑圣,十方剑圣
阴阳三界，任我分金定穴！,仙墓
我们都是“衰”小孩,龙族 第1季
萧炎归来 风云再起,斗破苍穹 第2季
龙山帝国，天才汇聚,绝世武神 第6季·动态漫
,被封百万年：我的弟子全部成神 第1季 ·动态漫
异火臣服 萧炎掌握佛怒火莲,斗破苍穹 第3季
知白守黑，和光同尘,画江湖之不良人 第5季
会兄弟之情，夺逆央至宝,星辰变 第4季
一辈子都是不良人,画江湖之不良人 第2季
沉睡万古，苏醒无敌,沉睡万古：出世横推诸天·动态漫
超凡归来 薪火相传,雪鹰领主
建立史上第一大宗门！,史上第一祖师爷 第2季·动态漫
仙尊附体，横扫妖魔！,原来我是仙界大佬·动态漫
一声剑来破苍穹,混沌剑神·动态漫
少年不枉时，七界第一仙,七界第一仙
开局获得最强隐藏能力,我玩游戏成了绝世强者·动态漫
十年热血书写电竞辉煌,全职高手 第1季
人间一剑修，诸天第一仙,剑道第一仙
神级名师，弟子皆成帝,收徒返还：师父您给的太多了·动态漫
等我升个级马上就逆袭,我为邪帝·动态漫
一代宗师入红尘修剑心,山河剑心
大妖归来，再闹天宫,西行纪 第4季
炼器大神横扫星域！,星域四万年
我将以全新姿态出现,大魔皇的日常烦恼·动态漫
向着小鸡岛出发！,阿七遨游记
豆瓣高分人气动画再度回归,一人之下 第3季
众星拱北，万星之主,剑仙武帝·动态漫
捡属性就能变强，玩转修真界,我捡起了一地属性
“临时工”集结！,一人之下 第4季
狂充三百亿称霸全服,氪金玩家·动态漫
修武？炼丹？我全要！,绝世丹神·动态漫
灵气复苏，少年崛起,大王饶命
身在剑域，万界无敌,开局有剑域，我能苟成剑神·动态漫
书穿反派开启洗白之路,穿书自救指南
银河冒险，血战星骸！,星骸骑士
银河浩瀚，征途不止,吞噬星空合集篇
一剑入山河，天下并两界,人间最得意
一季完结 少年乘空翱翔,斗破苍穹 第1季
异人不老少女,一人之下 第1季
图腾开启神秘能力。,不死战神·动态漫
看我用法宝运筹帷幄,开局获得无限法宝·动态漫
人生赢家撞上坑爹穿越,从零开始当首富·动态漫
废柴少年重生强者之路,龙时代
体术无敌，搏杀异族！,史上最强炼体老祖 第2季·动态漫
灵石在手，天下我有。,我靠充值当武帝
葫芦娃斗妖精,葫芦兄弟
玄京废少，搞怪逆袭,狂神魔尊
神仙妖怪的爆笑日常,非人哉 第1季
养弟子出道当偶像,掌门低调点 第2季·动态漫
冰皇与美杜莎的巅峰对决,斗破苍穹 特别篇2 沙之澜歌
史莱克七怪，荣耀归来,斗罗大陆2绝世唐门 第2季·动态漫
这一世，目标是最强,我，神龙之后·动态漫
小红娘大电影,狐妖小红娘总集篇
下界就先捡徒弟,史上最强炼体老祖·动态漫
流落荒岛后我逆袭了,荒岛求生的日子·动态漫
高分国漫超燃回归,伍六七之暗影宿命
技能满级后我无敌了！,我有百万技能点·动态漫
超高颜值的权谋史诗,天行九歌 第1季
修仙大佬满级重生,都市最强仙尊·动态漫
玄天万界，皆颂我名,玄天·动态漫
意外觉醒修炼圣体，可这却让我操碎了心,我家大师兄太逆天了·动态漫
问天一剑，能否天荒地老,天荒战神
阴阳之气，助我一战！,盖世帝尊 第2季·动态漫
无限顿悟，神级功法！,我可以无限顿悟·动态漫
斗罗大陆开启星际时代,斗罗大陆4终极斗罗·动态漫
银针在手，我无敌手,第一龙婿·动态漫
为父洗刷冤屈，意外开启战神系统!,我独自崛起 第2季·动态漫
斗转尘寰，斩因果！,丹道宗师
重返中学爆笑校园生活,茶啊二中 第3季
啼笑皆非的十二星座狗,星座狗联盟三分钟精选
腰下封侯印，未肯负苍生,枕刀歌 第2季
3D动画版鬼吹灯,地灵曲
激战！战力爆表,最强神王在地球·动态漫
逆天改命全靠白嫖,我拿捏了气运之子·动态漫
沙悟净大战阴界王,西行纪 前缘篇
小短腿，天天好心情,飞狗MOCO之家有小短腿
开局一条狗修仙横着走,最强异世一条狗·动态漫
天命主角都是我徒弟,史上第一祖师爷·动态漫
重现隋唐江湖热血！,镖人
以法家之名，搅战国风云,天行九歌 第2季
